Realnex Key,Search Address
0196148D-12D1-4290-9BB6-30B2457F6DE1,11606 North Bammel
026EA49C-77CD-47B5-AB61-9508479C083B,  Louetta Rd
02760F1F-E3A9-4889-8ADB-222119765A35,25511  Budde Rd
029470FC-5200-4957-BDF9-428A96960F61,12330 N Gessner Rd Apt 127
03307FD9-49A0-4C6B-A734-77100F916F5F,  Root Rd
04EF6AAA-A213-4649-A373-F36AB36C53B5,26206  Oak Ridge Drive
0510F372-E343-41A0-A2E8-AFEED233A8A5,295 N Rural Rd Unit 121
05B3BAE1-E602-4031-889C-B21FA1D4CA30,3835  Fm 2920 Rd
05DA228A-5AC5-4470-BAA7-6DA8703DDBE5,650  Westcross St Unit 13
05DDF0B6-87C2-48D3-8E2C-673087FA4FCC,707  Cardinal Ln Apt G1
0629E2F7-5138-4304-8DFD-D9C8E6A48D1C,2101  Peachtree St
068704BE-8DFF-4733-AA28-D096984DC423,  Po Box
06FAD21D-FD20-4DA0-9629-64DA44BC05EF,7805  Louetta Rd
071AACCA-0B5A-4100-AB40-50EF94868CEA,2537  Pne Shadows Dr Apt 618
0726E0DA-498D-4CD0-9A69-4C0EB3FEE554,3007 S Dairy Ashford Road
07F19CEA-BF6D-4357-8BEA-5B5BA5A2347A,31479  State Highway 249
0816257C-303F-4A54-A928-3F685F7685B7,8626 N Fairbanks
083559C3-0275-40C6-A715-E1FDB9182553,6722  Sudbury
084E91EE-C727-4BB7-8DE5-C2F589C7AC52,11828  Fm 1488 Rd
08961AB1-3A3C-4060-A13A-E9C2AC01E107,10110  Woodlands Pkwy
08B727B1-C9D4-49D4-8211-B2F1E1C10E00,  Po Box 1013
08BA8F93-25CC-423C-80DF-AC22A3724361,2316  Stableridge
09238228-D83D-4B5E-9628-88101F40B478,32708  Wright Rd
09251AEC-ECD5-4AF1-9AEE-EC5120AE42BE,8613  Helms Ave
09C09521-76EF-48DD-882E-A9BA304F5DC9,  Po Box 23130
09F3CE6D-347A-4DD3-BCF4-FD01E0A2FD86,1015 Ne 163Rd St Apt 20
0A9FF3DD-77AE-4F05-8C46-8B8D3E53AB98,13750  Rotunda Dr
32D55C8E-A46A-4DA2-AEC7-B9A7329FCECF,21001  Interstate 45
339CF509-C421-4DF7-8C5F-577C1C33ECAE,526  Redford Pl Dr
33BF0E54-8FD2-459C-A40E-702DC83DD5CE,30402  Dobbin Huffsmith Rd
33BFA77F-C8B7-4785-BA6A-98A3B0508271,12211  Carriage Lane
33F97C6D-916A-4926-AA0E-F3BF3D41FD66,1100  Cypress Creek Pkwy
34256E85-5C7B-4BAA-985B-106254D6B591,5340  Fleetwood Pl
3481CB11-1AE1-4965-9CE6-24CB9C7A6545,38  Hildene Way
34F43A50-DE39-4736-8E12-4C1CF58F24CB,14411 West Rd
350CB17B-C134-409A-8DA0-65E9F375A2A8,16518  Lonesome Pine St
3574C319-3BE0-4B5D-AF4E-7B2888904C04,201  9Th St
3594D628-7411-4FA4-BA21-2F0F0E082DDD,415  Spring Hill Dr
35B82EA8-56AA-4D76-8C82-0332E3689F30,13907  Elm Trl Ln
35C42498-2E37-47D0-9384-1E7D40EB3E5D,  Po Box
3649A796-052B-4A6C-B9F6-7FF21CF9C62F,2340 W Seltice Way Apt 154A
36779350-4C35-4247-9FF2-420D547929AC,20706  Dickinson Mnr Ln
370DC39C-971B-45C5-98EB-4B99C714EAF8,18602  Fm 1488 Rd
373995A6-02CC-4682-9AE4-7F5E2B13343E,1210  Fm 1486 Rd
37A4319B-8967-4CE6-84C8-21C2FD9E022B,403  Corporate Wood Dr
381E5ABA-9408-4BB5-B4CB-3064B3EE6CFF,111 E Hufsmith Rd
38EB06E5-E370-4ED7-9677-3464F566B59A,2390  Homer M Adams Pkwy
38EEF95F-D61E-4A8B-8112-701F14BB71F0,10930 W Sam Houston Pkwy
39AB7758-1F61-46FF-A11E-7B8554832A5B,17651  Cypress Flds
39F03485-9437-4ECC-A8CB-D9A248CD7B3B,11234 W Jones Rd
39F22420-8049-4AD7-A147-77CCF02445D2,2150  Bay Pointe Dr
3A89D601-B7DC-416C-AF08-16A5529842A0,20160  Fm 1488 Rd
3A929656-A39E-4166-80A6-80190763B302,10601 E Fwy
4B53BB64-DFF4-45D0-8569-088AB0421C7C,8818  Carraway Lane
4BBB24E9-5ED1-4628-B8EA-E406E53EADA8,829  Gardenia Ln
4C2D8E56-30C2-4CFF-A01D-0259D754B94C,10219  Tx Sage Way
4CE05CE4-95A2-4D93-BEEE-D113910D97B0,12011  Pebble Hl Dr
4D82FD13-1805-47CC-81FA-5F77B7834F8A,420  County Rd 913
4DBE2303-992F-44F7-AAEA-13952A3DD230,26902  State Highway 249
4E60638A-C39B-4ABC-A243-B93EC6999AA0,9522  Carraway Ln
4E7952A8-5CC8-44B4-8422-0EAEA0CBCF89,511  Magnolia Blvd
4E864153-EA4A-4071-B524-0253A8E3A1AD,8840 N Sam Houston Pkwy
4FF08011-6FE4-4402-A022-D446A08D9904,21542  State Highway 249
51523293-C06D-4BF7-8983-29ED0D700E60,7020 W Ave
51846D46-8FA3-403C-A328-F1AF2065F901,1728  Mountainview Dr
519403AD-FE3F-4FC3-855C-05B693FC5213,1800  Spg Vly Rd
52C48698-477A-4C31-92A4-B894DE3CA750,210  Sierra Blanca Ave
53C0FB37-4440-4014-A26E-FEFFE67A2C75,  Po Box 400
53E41305-94B0-4ABB-B3EF-1689AB175640,2825  Cedar Hl Ln
54596422-F0D3-4864-A44E-BC377647D1F9,3807  Louetta Rd
546394DB-5C0F-4BE0-AF56-3395CA015F7E,2302  Cypress Creek Pkwy
547D77D3-52D2-40DA-8CF6-9971C542290A,8624  Grassland Dr
54DEC36C-0123-4390-97DF-2A6A53CE575F,11280  Granite Rdg Dr Unit 1121
55B17E2A-905A-4014-BA51-6AF0E9DFF2F3,6218 Nw 35Th St
5608777B-3A19-4644-98A3-66C42B36CD1D,3193 S Ct
5635426D-EEA1-4173-AF3C-B24A8C535D91,14233 W Rd
56BA3C05-D14B-4435-B991-77E008944037,2544  Lands End Dr
56C675FC-7D2D-4C17-93B2-878C6CDCEF35,203  Hood St
56D50323-0773-4377-AD54-6EA4DE8172A9,  Po Box 130897
56FE2909-43CB-4ED1-9733-077264E98EBB,29602  Imperial Crk Dr
57C88AA1-7429-48FE-8B41-DC8CF3C18836,21117  Interstate 45
57F5BA84-FAB6-4AB3-94C5-94656355A6B8,2611  Mills Branch Drive
58C1EC00-5D02-4044-A567-5C91D4F2543E,24112  Frst Gln Dr
59895F26-3ADE-4DB6-A366-E80499F6C07E,8767 West Ln
59E80340-799E-4948-AC93-90F14BC0BB17,2233 N Fm 51
5B84F2D6-9242-4DD8-A563-A69E86FB2AF0,18503  Wade Crk Ln
5C350FD7-39E9-4206-BEAA-20280C3A1687,7102 W Sam Houston Pkwy
5C72B6ED-EBE7-4B8B-9376-A20C0706D858,31026  Dobbin Huffsmith Rd
5CAB72DF-1922-4844-8F12-D9A507CD45BA,2018 S Farola Dr
5EB48567-2975-4DD0-87E3-E23EFAE108C6,105 N Pecanwood
5ED5849B-BA1F-4DC4-AE7D-239E3765FE9F,6009  Maple Street
3B455678-8606-40FD-84C1-0A8429C9B8C1,10204 N Fairbanks
3B97ADA2-FD1C-43E8-B268-FF32982BEA2D,9988  Windmill Lk
3B9B8818-DDA5-4F20-ABDF-E4A61BC4DB29,28602  State Highway 249 Hwy
3BC79472-200F-4D02-906C-BAAF5B842B71,27760  Commercial Park Rd
3C352DE3-E740-4395-8210-991559A0F2CA,28202 E Benders Lndg Blvd
3D287D27-F306-437D-80DA-57B1D9F05371,20610  Limestone Rdg
3D3EB64D-AD82-4CD7-80EA-FD29C4C172B9,831  Magnolia Blvd
3DCAA401-B4DA-4ACC-8C26-B5158A850877,5435  Burnet Rd
3DD6B405-1295-48A8-A7EE-64129F3875DA,200 N Elm St
3E0A948A-A110-40E8-AB4C-4FB769A3A2DA,210 W Lynwood Ave
3EABA73B-7D3B-4321-A399-A23AAF8AA841,312  Coronado Private Cir
3F3BEF2A-CB61-4C5F-A36B-A1D23149FB28,38619  Fm 1774 Rd
40025452-6FFF-4880-A1A1-595DFA66C710,2322  Parker Rd
40AFDC3D-4E4E-43F2-9CAE-64DBF375DC66,2821  Carlisle St Apt 329
420549D1-996C-411C-A71A-45C79FA2B030,27515  Highway 290 Fwy
42B39376-EF65-4A44-8C0D-AC4462058489,22824  Hufsmith - Kohrville Road
43145DE2-A0F4-40C8-84E3-921757A7803F,22465  State Highway 249
432572FC-E937-4DCF-80BB-17137ED899A2,17633  Telge Rd Bldg 1
43AD3BEB-B7C6-4BDF-B0DF-35B7FCA30C92,13113  Noack Rd
43CE7BFD-78A9-409F-9A0D-ABF2D982810E,38900  Fm 1774 Rd
43D07803-D274-4F49-B093-A2FD7FDD50F8,300 W Main St
43E43842-5178-4B18-870E-E4AAFB3C2D18,  Po Box
12424296-1962-4EA9-903D-E36D0981D3C5,2009  Hillview Rd
12660E6D-250C-490A-A6AF-86C3BF3E9FED,13325 N Dr
1369D574-32A9-4606-803A-911F763B72C0,30355  Old Hockley Rd
13A80FB5-80BC-4C27-96C2-442EC28E4205,1701  Cypress Creek Pkwy
14FDC896-2409-4423-AB84-22D645B5C395,26614 N Barnett St
15C45D59-BFC9-4C04-AA17-4DB207A87EBB,12  Santa Anita
162F7190-C971-49A1-BCCF-496B59A23539,27760  State Highway 249
16A74A55-67B3-4D54-ADBE-FD98EEDE76A3,6871  County Rd 301
17801810-D002-4C72-8FD5-E89A2A82C849,21818  Michael Dr
17E0343F-1341-411E-82F8-E2F933784E3B,21005  Interstate 45
1824E5F0-37C1-4507-9CF6-3E0E2D40AE6F,410 E Main St
1834F56F-9E6A-4DDA-90CF-4B6C02F02DFB,28623  Fm 249
19D8590B-D9EA-4A93-B0A3-0C1E3E27FD87,22400  State Highway 249
1B62CC93-E869-48EA-8024-5B6DF365E0EB,9715  Market St Rd
1C6A35FD-89AC-4F6A-BEC7-2425B7444B85,9078  Cudlipp Ave
1C6EB303-58CC-419B-A15A-E6920E278DA6,9070  Gleannloch Forest Drive
27BDCC6B-CF8E-4059-A4D9-23820E700DEE,23  Grns Shade
27EBCAC1-E59C-4D7B-9A6F-85DBE63D678B,748  Water Vw Dr
28495ECE-4F73-48B6-BAB8-249D7D68ECE8,10339  Cascade Hls
2863D438-472E-4D4C-8A2B-B57BA4B17818,22828  Huffsmith Kohrville Rd
28DC25C7-67D4-4621-8E5E-9A44C7E18389,1302  Cypress Creek Pkwy
290267D9-547C-4F3C-A292-4858A84CE469,19433  T C Jester Blvd
2964B562-58C5-4BA9-9C8A-FDF3CF31737F,17750 N Hwy 59
29E5EB5A-FE44-494E-988D-D4DAA6C2BF47,703  Cypress Creek Pkwy
2A260C3F-3DA3-469C-AF22-E2870CCADE74,9940  Woodlands Pkwy
2A2FD88A-AA4D-4D03-AF37-0AB8B568545F,2204  Cedar St
2B1039FC-A5E3-41A1-9E4D-3817D98D7E11,100 W Main St
2B1CF242-B52E-4FE7-9858-40443A04CA41,8902  Shattuck Cv
2BAFD25D-D6C1-4686-A057-1B2AE60CA221,17210  Country Brk Ln
2BB70AB6-CCAA-464B-9274-2CEE62D44996,7814  58Th St
2C291C23-B6D2-4B97-9B8D-54565E4912AD,2614 E Seaside Dr
2CB84A16-F2B8-4AC0-9835-E8E67F7A3D8B,7410 N Fairbanks
2CF21FD2-F767-461F-807E-F0067329D13C,11709  Boudreaux Rd
2D296592-B02C-4920-8A41-C2C6419338F0,5514  Fm 1488 Rd
2D2FEBDC-74A1-4BA8-8DA3-0411A9C632ED,27405  Fm 2978 Rd
2DFEAC18-8E13-48D5-B8CE-FED0A41AAF37,8300  Ryan Gulch Rd F 106
2E1BF7B6-3355-44FB-89CE-BB5B7B1613AE,  Po Box 261
2E3D8DEB-0079-4CC6-8AE4-1AE44398895A,257  Rio Vis Dr
2E6713AB-9BB2-4FD3-B677-2E84BD137FFF,41615  Woodway St
3108CCEE-4459-4482-856F-C9289B34A219,339  Magnolia Business Park Dr
312DEF36-0245-4C7F-90F8-801407F7BA2F,1769 E Marl Ln
328B6AC6-1B42-4543-893E-76A6F21C8732,87 N Hunters Xing
32B212A5-F9AD-4FF0-98D0-43B282FB3074,9532  Fm 2621
1C84A55C-C2BD-42BA-9C4D-A621B60C1EAD,3092  Frye St
1CAA1E52-A80F-4234-9B1B-6CB3C4F7087A,315 E Main St
1CE7CBBC-383D-466C-9898-A4D3E3B34964,2310  Cypress Creek Pkwy
1E5CFA2C-C93F-4C9C-A8B5-4CE13B2F3672,10940  Fm 1488 Rd
206FFA6A-8F1D-4A06-A84A-70C3149F980C,3000  County Rd 110
20D3184E-5322-4D0E-8D99-6D7687C56460,330  Psge Ln
20DD74AD-7B1D-42EB-8486-C60D46300907,23023  Holly Holw St
20EFFF89-2554-43A0-8842-C16A214B15BE,5110  San Felipe St Unit 161W
219E2A64-EC5D-487D-89B2-70745298444B,507  Commerce St
22739D5D-7DAF-4B69-A475-3F510AE77805,3900  Fm 1488 Rd
228F4CE0-D074-4E67-870D-7AE13CF173E8,  Immediate Occupancy Available in our 3 Midtown Off
2293B4F9-6BDA-4707-8B3C-792205026B5D,1116  Parkstone Dr
22BAFE82-A3CE-49BA-B677-82F5F4F99D71,9996  Woodlands Pkwy
22E500B5-0515-494F-8108-9B04019C97CD,30042  State Highway 249
22F61BCC-9461-4213-8FBC-6AD6B52941E6,6205  6245 Brookhill Dr
239B0F94-3099-46AA-845E-53440BB86CF9,27819  State Highway 249 Pkwy
2439C2BB-F040-4517-9B6B-7A6F07F5F700,8634 N Fairbanks
2453457E-568B-486F-AAB0-8CF580282792,18635  Buddy Riley Blvd
246CE279-3ED3-44FE-BEE4-5E213DBF00D4,  Po Box 9398
247F4779-17B7-45BD-968F-5CA089FB8C6A,5015  Fm 2920 Rd
251E1F1C-DD27-4598-90DC-6CE200547DEA,5103  Holly Ln
25497EB5-6E74-45B9-8D8D-DA9F0F7DDD6A,403  Longmire Rd Apt 241
25DDF7DA-75AD-49BF-A0E6-77B7A8051141,202  Cypresswood Dr
25F88AC7-5F72-472E-92EC-BDF8580371BB,109  Teal Dr
26637CCE-CA37-4FE3-A4C8-6330D70FF0F9,1206  Cypress Creek Pkwy
2686A5E7-63C5-4569-AE5B-04FF67614DB1,3060  College Park Dr
27747688-E87A-4977-8CB2-26612F29235A,8813 N Fairbanks
2791B996-B526-48FA-A1DA-CDDA543B1AC3,2470  Colton Holw Dr
4418CC7A-3EB6-46D7-8070-CC26BF319516,40950  Fm 1774 Rd
44433F2F-B893-4E88-9138-99C84ED1471B,1755  Cypress Creek Pkwy
4444FBB0-B4FA-4761-B600-D9EF87010302,5422  Green Lane
4497D446-DAF5-4831-A8C3-58F95BEA7C67,117 W Holleman Dr
44BCFCCD-7E3E-4136-B073-E290E41F457F,  Po Box 909
44F407E9-3FAD-4411-AA5F-E95B73C75B85,716  County Rd 302
45931CFA-B891-4639-9A60-9977B4561A9B,1209  Lakeway Dr
45B8EC1B-5C37-4EA6-BBC0-7422DDCCECC7,2345 W 17Th St
4640D308-D430-4CE9-9D77-206225850FBA,1325  Cypress Creek Pkwy
4689FD75-9E92-4695-B049-B46427CDE109,38015  Spur 149 Rd
47458387-1285-41EB-9754-05DA36E36871,2318  Cypress Creek Pkwy
4754815A-FC1B-458C-900E-5DC11E7CD806,22924  Nichols Sawmill Rd
47D87290-B7D7-4801-903A-6654E35C4656,36815  Fm 1774 Rd
47FB915C-ACF3-4EF0-984D-B2A43A4B049A,16723  FM 362
48287D0D-33D7-4E4E-AE44-E79D33ECD2E7,31819  Industrial Park Dr
488B1994-29FA-485D-8DC9-BED35D4CD656,  Mchard Rd
490C242E-3B86-496C-A574-5D288E78888A,10020 N Fairbanks
49920F61-0CEC-44EA-961E-623EE2D3DA1C,302 W Main St
49BBE837-4B62-41C5-ADD2-E0CF4AEB04D6,204 E Main St
49DF4D83-C313-4EE8-9E6F-E1D761196656,81  Northgate Dr
4A8578CA-40C6-42D2-BD0E-6E954224D9F9,2989 W US HWY 190
4AB52DF1-800B-4883-8566-F31CB3B15284,31115  Nichols Sawmill Rd
4AD13856-8F1D-4969-8131-1F09331CB8C4,17322  Galloway Frst Dr
4AF7FBC4-187A-41D7-AC79-2BD1EB25F03D,27060  Decker Pr Rosehl Rd
4AFABA71-3017-43EE-B53C-F20D31C29A88,3395  Hwy 281
4B1350C7-0A59-49DF-AD5A-6A898643AF7C,2858  Arbor Spgs Trce
4B29FF10-E3E3-4DD7-8748-12D5B4F27CFB,9210  Shady Ln
4B4678C6-058E-438B-8627-CEC67ACA23DD,54  Mamaw St
0AEAE116-01F5-46BD-BC55-452C5ABE536B,  Po Box 110278
0B3503A0-A850-49F0-AC13-77C008145091,18741  Stuebner Airline Rd
0BBC368B-7790-464F-9813-3132729C6461,33411  Pinehurst Loop
0C0D2E29-7079-4390-B05B-5D401B566396,6529  Cunningham Rd Bldg 18
0C3B2148-6254-44BC-BCEE-C86306DD680E,113  Midiron Rd
0C41EB5F-1547-4195-AE3E-EEC01F3BBAAF,220  Andalusian Way
0C5BBC7B-E933-493C-B87D-EBF0D2D32D4B,29250  SH 249 Business
0CDA0281-BBB2-433C-827D-BDED3209B09F,2400 W Potrero Rd
0CEDF1CE-C3D2-4EC1-B7D5-CBF88A6F68BD,21755 North Freeway
0D2C6756-5F0C-48CD-B69F-2248670DBB79,22445  De Grasse Dr
0D3AD2BB-5C0F-4A79-BF2D-7E4048611AA9,2703  Hollingsworth Pne Ln
0D5DF163-04F1-4451-BB6E-01F0236BB9A5,11  Wincrest Fls Dr
0D9BDD7E-ECB6-40FD-AFD0-99D30051839C,26005  Crown Rnch Blvd
0DCB1875-A1DC-46E1-A0C9-2F5A2523889C,32350  State Highway 249
0E2E7425-A674-4F3B-ACE3-75ACE3A98B60,17711  Memorial Chase Rd
0E4D7D4F-3AE4-4908-B990-84D088558F03,102  Camino Acote
0E516F48-B2DE-4708-BD71-BC5506F03CA1,1253  Bravenec Ln
0F5E4EFE-794C-4238-B1A0-DEEA54D9D9D2,4850  Wright Rd
0F7B22A0-DE60-4C35-8DCA-62F929F5A138,3030  Dunvale Rd Apt 5110
0F8A24F4-05C4-4D8F-A540-9834287027B0,5637  Kiam St Unit B
0F9D3140-FDC0-4B14-8644-DFED6846C395,1  Waterway Ave Apt 1313
0FD55440-41DB-4B71-A005-076B644E0831,2705 E Loma Vis Ave
0FF2B8FE-CCD6-457C-A303-420BEAB0BEE8,1831  Cypress Creek Pkwy
0FFEB37E-E195-4185-98B8-DB92FDBBD847,28  Lk Blf
10013CED-EA8A-4F1E-B14F-1B5892D8482D,8440 N Sam Houston Pkwy
10CC13BB-6535-471F-82B5-9AF3F25626E3,6602  Rippling Holw Dr
11840835-55A6-4821-9CE7-AF2B10B94ED8,7404  Town Ctr Blvd Apt 806
11B403D3-36F6-4510-81EF-3153CBF6C972,247  Oak Hideaway Dr
11D0E791-CC31-4372-8AEC-F61924BB7680,  Po Box 618
692C4165-4A06-4AA2-A3DA-A083AB3397CF,19025  Fm 1488 Rd
69570F7B-E786-4B2B-990A-BF551E25FF36,14215  Spg Pnes Dr
699884DB-3F0F-49A4-8494-C6C1088E6FF6,1503  Betty Jo Dr
69B2A01D-AF6A-4EF1-A317-F7D780BE975C,8430 N Sam Houston Pkwy
69C94F76-0DCE-40D8-87B3-BEDE2D64B1D7,13225  Fm 529 Rd 100200300
69F4795A-8EA5-4E8E-80E1-DA9699BDAC26,3663  Nasa Pkwy Apt 604
6A2B7103-FA18-4984-AE48-561151C21B14,11115  Lilac Mnr Ct
6A4A07A8-5BA9-4540-9B0D-AA1DDF2F1AFD,401 Ne 38Th St
6BE846ED-9905-467C-847A-B6EAD169E780,11040 W Jones Rd
6C1A5CA0-2B99-47A0-9F22-25D54013FB88,4211  Maison Rouge
6C1E8F66-9230-41DC-A033-5868EC17A596,1600  Cypress Creek Pkwy
6C405284-53B1-43A8-AC6E-C36C03E03CF6,7904  Eddie Dr
6C6B683A-2ADD-4524-9F14-AA424931FC05,1080  Atlas Cir
6C879655-ABAD-41FE-8A16-11F6519B878C,8818  Sail Rdg Ln
6C94CDE6-551D-47DF-8B2A-50FBA4A7F66D,26211  Fm 2978 Rd
6C9762D1-E1EC-446C-B820-3C09CF63C2C8,27201  State Hwy 249
6CC1FC58-F404-44A3-85B8-0C511A403D44,1743  Diamond Head Dr
6CC3DBB5-8169-4282-92B5-3F15DAF1E9BC,1502  Brandi Ln
6CCEFDCD-E6F9-4758-9307-5C5477F66641,55 W 25Th St Apt 23C
6CD44A5F-09FE-4766-B018-A3F68FB3A5BD,18260  Fm 1488 Rd
6D09EFC2-17E4-470A-A3C2-F833B7EF9D71,2150  Kagy Gdn Ct
6D4DC2A5-1137-474E-9409-0ADFA5A33F2C,42  Lee
6D5D4154-5DA0-42D6-AD05-68E77FA2C3DE,16670  Stuebner Airline Rd
6E0BD4BC-A697-4DCB-86DC-BB3BB94B006B,10  Pronghorn Pl
6EC9E065-33F7-4600-AD64-559CA073F928,17685  Fm 1488 Rd
6F48E8E6-698E-46B3-B000-9A8D959F0A6B,20515  Interstate 45
6F8AEA0D-8666-470E-852A-34766683E0D0,6620  Raleigh Ct
704A6F7A-155E-4F5B-A533-1D37CBEB9BE2,2101  Milam St
70CC9437-825B-4B1E-BF7B-22FF7611D7A3,9928  Spirehaven Ln
71027C78-65E5-490B-B99F-EBA9CA80A92B,185  Cypresswood Dr
71760C95-04E3-495B-BE9F-FC7C03301237,15880 N HIGHWAY 75
72336BD0-89D4-40EB-BBB6-8C97A8E9DBCC,1631  Cypress Creek Pkwy
731C79CA-ACBC-4CC0-BFAF-9EA6F707490E,22  Half Moon
733220E5-9861-4514-B7F8-A3CAA293CBE0,8090  Essen Cv
73D8278F-D7D7-4AB5-B202-456898ADF8EC,10515  Kirkwell Mnr Ct
74245563-A682-4175-AF16-DE503FD65359,2200  Louetta Rd
7490E2BA-7B84-49FE-AEFD-F64DFBFA39B3,35335  State Highway 249
74BB04FC-E263-42B0-B3F7-E72F5D41EB31,1004 W Main St
74F909E7-80A8-40CF-8573-3E7AC4A0999C,107  Commerce St
7642A73A-BE15-4497-8996-295C1B0A6D9B,200  Cypresswood Dr
7660AFA6-6792-4DAA-9002-1A9AFDF800FC,8347  Carriage Crk Dr
7740AC49-F7F7-4719-AFE8-1A78C10432F3,2805 West Loop
77875137-56DD-4281-B9BA-7C98C6C6A9A4,8333  Matthews Ln
778D62EE-1BD3-4A15-BD5F-21FEAED61A9B,1760  Cypress Creek Pkwy
77F9606A-342C-443B-A153-DFDFBE9228A1,20502  Misty Xing
780CB42B-B6D4-48B3-AAFF-44FAB5BFFB50,13605  Veterans Memorial Drive
7876DF96-660D-4D15-B806-A7E501040B59,8844 N Sam Houston Pkwy
7B1C1F58-68FF-4BAD-B149-583658FC756E,2212  Harrell-Dwyer Rd
7B647630-8EAC-4366-8DBD-07F0512DF3B6,303  Magnolia Blvd
7BF81BC9-9CAC-4417-95A6-5A4567F7E673,6363  Woodway Dr
7BFACAAF-26BC-420F-A6C0-FE4F9B81E573,2031  Houston Dr
7C0D33BE-EF0B-460B-B5A0-78ECCA0F504D,18620  Fm 1488 Rd
7D050BA8-B9F6-4943-A6EB-9ED6F4505F24,  Po Box 1576
B9739213-3A10-48CD-BDAE-951BF8195D09,37549  Fm 1774 Rd
B9FDA989-59E8-4529-BC1D-C2766A8849ED,25747  Hardin Store Rd
BA0241F4-8715-44C9-8D35-744AAE6D15C7,744  Cypress Creek Pkwy
BA2FEF60-545C-4DE2-828C-499279B9A737,17426  Pinewood Frst Dr
BA813180-C6D5-466A-8375-58748D5F0D5D,2330  Jct Hwy
BB27E36A-ED2C-4B67-8127-12AF5DB008F4,26507  Interstate 45
BB6EC5B4-63E9-4842-9BAA-380BCE31993F,5220  Seawall Blvd 1134B
BBFC8B3B-AF21-4BCD-9427-3B72D1F80025,507  Magnolia Blvd
BC41D2B8-41BC-4269-9952-00D6134C00B7,1991  Cypress Creek Pkwy
BC8D83A0-FC77-40C3-B1AD-FBA07AB238D5,870  Cypress Creek Pkwy
BC99E753-F7A6-46C4-9556-38FCDA281196,11002  Mahaffey Rd
BCA84F82-3CC8-45D3-8777-595DDDF546F7,285  Black Hl Rd
BDA1999C-E8BE-404D-BD82-DABE4F6A680C,38003  Fm 1774 Rd
BE12BA8B-4207-4F4C-B1A7-712F64A19548,21602  Interstate 45
BE17FF0A-F39B-426B-A208-8F031C10A542,2000 W Main St
BE697559-4ACA-4260-ADA3-A615FCE37BAA,10901  Frnt Bch Rd Unit 1510
BE6F738E-9DDB-4413-9AA8-B7422D58985C,24797  Red Oak St
BE85EF4B-CBE0-4C44-BFD4-96993E9CE775,22808  Hufsmith - Kohrville Road
BEA998F8-A266-42E4-BEB4-3896BB9C302A,7906  Scenic Cyn Ln
BEBDB706-8DD7-4889-8B30-80E2C319372F,3500  Paddock Rd
BEC17CFD-4576-46B7-8734-8DD08677AF66,2306  Cypress Creek Pkwy
BF5C4007-99EE-4285-AABE-9C0D59EB02AC,10702 N Old Bammel
C03F2C32-2682-42F9-AF41-F75F1550D5CF,37937  Fm 1774 Rd
C05EB516-B72A-4996-A1A9-C27ACF0765F2,39 S Apple Spgs Cir
A6653160-81A5-47FF-93C7-BA620CB00F49,1816 S Carson Ave Apt 218
A6B22D4D-824A-4168-89F7-8738AA67F6AC,517 N Vine St
A740849F-1CE2-40D5-96A5-FA92F13C3137,11503  Fm 1488 Rd
A7A7E633-F08E-49B0-AB31-79EF8423CFB4,5210  Stonehaven Dr
A7CAF63E-732D-48B0-9BC4-B7C6D8A4C68C,1423  Swiss Alp Hls Loop
A8265EFC-2DE3-46D6-B2E7-37F50F2C3966,32627  Dobbin Huffsmith Rd
A82EB998-4158-4E61-96A3-9994ED3C57D6,6711 N Sam Houston Pkwy
A83B9177-6C23-4676-A32E-A67D354C5568,331  Corporate Wood Dr
A8A58395-B929-4681-A412-1C11658FEC17,335  Cypress Creek Pkwy
A914D973-C448-4931-B335-70ED957749DD,29112  Sky Frst Cir
A919B5D9-5841-4B41-9D2B-9547CDF74517,7425  Carbide Cir
A92C75AD-C7A9-4E9D-8371-3CA1F07D9D12,1246  Moonmist Cir G4
A94ADCCF-96F9-4440-8192-1326195FE661,21703  Interstate 45
AA3382FD-BFA1-4C6D-82F2-1E5BB06D6A9E,4401  Glenwick Ln
AA4E4138-C979-4ECC-AAC5-5064FFC355DF,33103  Glenda Dr
AB116DDC-E4D6-4FAB-A68E-DFC99A891DC5,20  430Th 752
AB1246AA-BB56-44D6-BD1D-1FA21AD478C0,8904  Wedgewood Ave
AB6F725A-03B2-484E-A140-92CA755894D5,  Po Box 2173
AC326D6B-C555-48BE-BF2B-CFCF12E78109,32702  Walnut Creek Rd
AC51D70A-2838-421C-B288-1D83A72A8568,18904  Fm 1488 Rd
AC5E5F41-52C6-4A22-A4DC-BD29DE3F0BF5,302  Cypress Creek Pkwy
AD66E048-53AC-4ED6-B5EF-6D156A982FA2,  Po Box 312
AD9232C5-A883-44D7-A325-1B3D17BB0876,4515  Cyn Dr
AD9799BF-C25F-4833-BC84-C1FB58ED91D8,50  Fm 3278 Road
AE16B96D-8246-49FC-A22D-BA5E5B45F206,14145  Stagecoach Rd
AE5F7DE1-E8A0-4637-9C15-18170372FE09,26503  Peden Rd
AE97D6A4-B342-4D31-ABE3-C82BFD91F795,8032  Cambridge Cir
AED2BBD7-4A15-4E37-9AC9-F08BA8C3BB68,13806  Spg Cypress Rd
9C5F52AB-AA40-4700-8D28-554940BC956A,101 E Main St
9D31DA38-A17B-4A4A-BA3B-1A8863C1DE19,70  Cypress Creek Pkwy
9D35D596-A7A5-4CBB-84F5-05A5C78E4F86,7115  Mobile Street
9D8B9CC8-022A-4C81-803D-9A8647C69B90,8500 West Westland
9E0952D5-F663-4F6B-9ABA-05914485A4E1,4702  Ballstonefield Ln
9E91A35B-A1DA-4DAC-BEA8-0BC92A5B5BCE,32510  Decker Prairie Rd
9EF91BB9-0599-4021-9F28-FAA2C3C23AA0,227 W Fayette St
9F2E7DAF-BB6B-423E-A626-E0476C95896E,34519  State Highway 249
9F51DFE1-4073-4971-A8C0-EBBFA1C0BD91,40930  Fm 1774 Rd
A02C1112-A77D-4C30-AA78-7841D54CC9C5,44  Private Rd
A033F614-E2E2-45A9-8BE5-41AD441161E6,  Po Box 21539
A0D3BF35-D5C2-43BB-ACD8-DFBF730D4169,202  Corporate Wood Dr
A129309A-69B3-4F5B-8B73-AF10B55FE7D8,2111  Airport Road
A187E935-FB0B-404A-A9C4-EB5B0C905FD3,11508  Fm 1488 Rd
A3285A3E-F593-4ED1-A8F1-2DA0F07B3EC2,40627  Fm 149 Rd
A45A2E03-ADCA-41AA-9709-948BB08D366A,11831  Gray Frst Trl
A46D190B-74A9-49DC-BC9A-7D76962414C1,29223  Legends Hl Dr
A4889D22-45E8-4342-8F04-EB14AB258D99,19330  Interstate 45
A4DDB98C-9F12-4726-A5E2-8B9904C07C83,9776  Whithorn Drive
A500B7FD-1CF4-44DF-ADE7-235D24FE714C,  County Rd 784
A576C7D6-790F-4924-9315-30B55A4AF65B,2907  Cypress Creek Pkwy
A5FBD1C4-2D57-4633-B438-61DE3368FD12,1514  Toluca Dr
924495F0-59C5-4FDD-8BA6-B29477980D41,27  Commercial Park Rd
92807601-D615-43C9-B412-9135007B6051,1320 N Fairgrounds Rd
9299332B-47E8-4F52-BA0B-6F37AF6E499C,  Po Box 104
92B9B1DC-850A-486B-AF17-1928C2A14841,4040  New Copeland Rd
92BEC274-BDAA-429B-8AAC-52640EAF881B,1506  Pne Gap Dr
93E5D49D-DD3F-4FC6-B59E-EF4C3CC3ED54,249  Sh 249
94619FB6-AE30-4807-AF77-5203034AD594,5385  Sugar Hl Dr
947EA518-541E-4DE7-819B-FA563943186E,5805 East Farm to Market 1960 Road
94B9DB9E-6DCF-49B3-84E5-FA08844B3713,21327  Interstate 45
95D11751-9143-449D-9E71-1742060AF0D3,13019 S Moss Crk Dr
95D12F2D-5776-4179-B3C1-FB9AF7943BF2,7950  Spg Cypress Rd
9738EC9D-4309-4688-824D-AC27649AB518,2103  Cypress Creek Pkwy
977E3E71-2DCC-4C0F-8C16-22A032B80123,18821  Fm 1488 Rd
97EEF041-AE61-4954-B2F0-A84B0B6AB478,8310  Hunters Crk Dr
98966B9F-C149-4ED1-B0A4-67E7EAD6362E,10770  Vine Crst Dr
993CCB73-FB0B-46DB-A699-0CAB2B49636B,15978  Quiet Oak Rd
99E04CA7-9DF3-4BA1-B377-201D15A1C33C,11173  Cox RD
9A1BB0BC-4A62-4212-8250-2C6BC42A8B4C,1505  Alexa Marie St
9AD77CD5-2273-4D44-BC4C-9CADADAF87E9,410  Corporate Wood Dr
9B639FC0-0867-4BFB-8739-FCBB180F07C6,337  Cypress Creek Pkwy
7DD5B4F4-00F5-4E25-AA06-255985AC566C,15021 Sw 144Th Ct
7E20B66D-300B-4078-AA89-DE8D5AA4538B,2128  Leo St
7E232EAA-0D83-48A7-9731-E1E57226EF26,29607  Nichols Sawmill Rd
7E54390B-95E5-4513-B50A-080A19434793,3339  Handy Rd Apt 913
7EAA0172-F0A8-4DBA-8078-E27AE2A943AB,32510  Fm 249
7ED7D575-7440-4D03-AB39-E135BD5AE75C,30502  Misty Meadow Dr
7F50C2B4-EB9B-4BEE-9E00-CD2DC47B09E5,2019  Lee Rae Ct
7F530B18-EC77-4978-B66B-6C1FB7B6A8A9,  N2027 Cleghorn Rd
7F837D5C-97D9-40E7-A824-9CD79C878C6E,13223  Sleepy Crk Mdws
7FA38E92-4D91-4799-9E10-8CA940C5855D,  Po Box 41342
7FB86122-00B1-4CC6-AC7D-A8D80B28AE07,0  spur 149
7FCB6FFC-35F0-4432-A5E8-7612AF43C08E,750 N Conroe Park
805FB562-ED56-48B9-A22D-4E1F77573B74,25434  Hardin Store Rd
812A90AB-F0E8-41D7-AAE5-E4C3C6E0A43C,16915  Vly Palms Dr
823F0DDD-8B26-4540-9F17-962786430D8F,524  Porter Ln
83667633-3321-4F80-B7A5-75317061FE0D,3413  Muscatee Cir
83E331D0-13F1-4A06-8BDB-EF74CC6AA17D,1429  Westover Ter
8409587A-D658-4D42-822A-022FB9174F52,17185  Freeman Rd
841F7F4C-1A90-4AEF-A774-EC45A5B1CAD1,1240  Rip Jay Cir
84A3590E-7E4D-4A98-8E38-1FD4713F022A,2727  Allen 1100
857CBF1D-183E-4288-A4F0-F06E74201B75,801  Town And Country Blvd Apt 322
8592CCC9-1666-4FA9-A60C-C36E218EFFBD,3026  Old Hwy 77
86A37A6D-61C2-4248-B4DB-8441201F5708,41526 S Brenda Ln
5F61730F-504B-46FF-9A2A-2B0D14470241,35833  Fm 1774 Rd
5F910C88-47A4-497D-8D33-EB430657FFC3,456 N Main St
5FE136C6-9C87-47D0-8C45-07516DBBC39E,13910  Longwood Dr
60196803-A74A-47CC-A804-F2FD78303BA2,28275  Nichols Sawmill Rd
60AAB2C1-5625-4922-8FE7-9605FCC71DA4,8101 W Colfax Ave
60E06B75-273F-408C-878A-F54EFC929831,3033  Cypress Creek Pkwy
610BDFCC-01E6-41D6-A90F-D7252D104029,20551  Interstate 45
61B30B42-7CC0-445A-9BEE-AF4BB4DD0149,10550 S Md Ave
61F098F4-2DC7-427E-8FA9-E2DF06AFECEA,600  Travis St
62197CB3-6CDB-43CA-9A06-3576F1712CE3,204  Bone
6228F28A-B2C5-4BC8-A306-3DDA139D1D25,3111  Lone Star Ln
62CDC6CD-D38B-49F6-9C0C-18BC372486C2,27915  State Highway 249
62DFAFBB-3ABD-4AD6-B560-0F36792AED2B,2016  Cp Lnsr Rd
63121B1E-8AC4-47A9-B3B5-502E53C177DA,27735  Decker Prairie Rosehill Rd
631EEEC2-8539-471D-8342-9049A6D455B6,209  Magnolia Blvd
639F7A49-65F8-48FF-AE35-F7C6C7E28342,310  Tynebridge Ln
63EEF3CB-38DC-4922-BB1C-E7C15F0FC0CE,25845  Highway 290
645D1645-449F-46C7-A838-DBF19F620B76,205 E Leffel Ln
646F31BC-B9E0-4E81-90E3-20D4108E57E6,102  Market St
64F76EFB-FE11-4038-866D-FCE570A868B1,38917  Fm 1774 Rd
651FCD46-D75B-4737-B09E-CCD7A24ACBA8,11002  Fm 1488 Rd
6557E1E9-0B4D-4411-9F11-64D623EF0A41,28533  Spring Trails Ridge
6625A34D-2BE1-48FD-9E5A-DCA756BC3410,8805  Mp Clark Rd
679DFB76-BE10-4666-AA3C-4D3FE4459386,20141  Interstate 45
67A382EA-E0D3-42A4-99BF-778E2B652AD1,2204  Cypress Creek Pkwy
689F16A7-42EF-4F4A-8FF1-A9B595CAA7AB,2345  Cypress Creek Pkwy
68C365E0-23C1-4212-ABEB-E56552175D42,5710  Firecrest Dr
AEE970FA-9CC7-43BE-8544-C75843A63072,26980  Decker Prairie Rosehill Rd
AF11BC1F-1C93-4B43-99D7-B8000C8E524D,37129  Fm 1774 Rd
AFA30A62-4D6B-4CA2-B776-587BC73AA526,2719  Kipling St Apt A
B0ADBB5C-05D2-4887-A34C-B130332BD273,17527 E Hwy 105
B0B57AE2-07B5-43AB-B503-1566F2447FA6,16887  Fm 306
B1414999-4593-4493-AAC0-393E55839928,13102  Northwood Gln Ln
B17A71E5-61CF-431C-9B70-5BA08B8E4549,10222  Sable Mdw Ln
B27A728F-F131-40C8-B3D2-F3FE8FEC0988,10  Clear Spgs
B288E0D0-54FF-4BF7-A3E0-3E448FA44FCE,27840  State Hwy 249
B292CE9B-1950-4E18-ACD7-02F067137D37,408 W Main St
B2B43B1B-E5AC-4B51-ADD9-8C89C54C3DEA,26350  Jacks Barn Rd
B3051C01-BF16-4FD2-B451-73200A677826,242  Riv Rd
B3620526-47C9-4C2E-A5E9-2E7E9E9D868B,1525  Fm 1486 Rd
B36AA547-FE0F-4D23-8921-51794038372E,28531  State Highway 249
B3D16B61-BB0E-4104-8672-F155FF318612,9405 E Sam Houston Pkwy
B4061640-C880-4E4E-842D-AEE354D592DB,6421  Spg Cypress Rd
B4ABB91B-75E3-49FD-B877-1E2825F7A305,36107  Fm 149 Rd
B4AC4897-22C7-4875-AEB0-998A71533924,14041 W Rd 200
B5032FAE-EE16-4CD0-B210-6CF9B8E636ED,1126  Yancey Dr
B517FF46-AF5B-493F-9BBA-8065AA379F60,11382  Winding Trl Ct
B64AF1A7-031D-4112-8C99-71105F5AA1D7,30419  Russellpoint Dr
B739A528-32C7-4453-82EC-E171A547F767,14914  Spring Cypress Rd
B7F61696-45EC-468F-ACDC-65AB76E493B1,  Box 25B 25
B81582B2-4B05-40B3-8B56-FA306A780290,30045  Fm 2978 Rd
B879C3FF-1191-4274-AF3E-59FE49BDCEE0,699  Fm 1486 Rd
B8CB99EA-88D5-4F51-8D1D-EE633AE9C198,2309  Paradise Ln
88203C2B-E403-4343-95C8-CD2746644350,228  Hambrick Road
885A4460-A402-4532-8868-FA9273E799AC,18640  Fm 1488 Rd
887D5B07-2EA0-466F-97CC-3218F8EDCE05,22607  State Highway 249
8939DC0B-4BAA-4956-869D-D10A87F854D7,817  Cypress Creek Pkwy
8A58A62D-5CC8-44F4-A0A6-01FDBCB1DC0C,4682  Uppr Montague
8AA3D1CA-61D5-49F1-A629-1217A4A068A1,14487 N Hwy 75
8AB3D731-A795-40A0-AA88-A0AB160AECA9,27106 W Balsam Fir Cir
8B0CB58B-1FBA-4172-800E-F774C0495A7D,2470  Cypress Creek Pkwy
8B188F85-7177-48E4-86D1-11529E940A3A,29418  Fm 2978 Rd
8B75CB89-8460-4C41-86FC-DE8F05D51823,22647  Hufsmith Kohrville Rd.
8BA4D3F3-4123-4AE1-B616-57B7B1241D87,16143 N Eldridge Pkwy
8D4522E5-AED2-4DD0-9F84-84E984131F1A,1127 W Rankin Rd
8D79D52D-5C4B-460A-BC2F-AE5B891811A5,32222  Spinnaker Run
8D929718-D68B-43B3-958C-42C82CEDB823,5011  Barth St
8DA76D73-3D79-441D-ABE3-D51BEC8E62A9,13310  Lk Timber Ct
8E87E30C-5710-4169-91FE-579009A9D365,37125  Fm 1774 Rd
8F2D3D2B-26DA-4A4F-8E02-8732E6CDD846,8507  Hartford Ave
8F43B47A-D5A3-4638-B652-536D9362C708,18204  Fm 1488 Rd
8F4C27B7-2D68-4BD8-B542-EB223DAB834E,4125  5Th St
8FFEC9F2-7142-4037-8FF6-FA679A64C359,27045  Hanna Road
90EA83FE-F468-4D4B-AF3E-8B017CFD4326,  Rd Gulf Bk
91989D11-62A9-4154-93B0-2F02ED6F56FA,35323  State Highway 249
91B8F431-3C8F-4386-926A-C155BC7CC53E,1005 E 4Th St
D386B02F-FDD7-4073-9C2C-95CF3E795103,107 N Pine St
D39D5C24-7697-4965-ABB1-625E0746DC37,5565  Gasmer Dr Apt 554
D43FEE6D-C0D5-446C-86ED-A72D8249F52E,4990 N Fm 946
D478BFA7-3A59-4FD4-8F51-5DC39D680C29,1812 S Curson Ave
D4951293-7C69-46A4-B982-DE1AAD14B604,1115  Yancey Dr
D4AF28AD-052B-4E63-86C2-7051368860E9,376  Cypress Creek Pkwy
D4E7E9CE-8548-4D0E-9CF6-9E9D8FC2DB17,2450  Cypress Creek Pkwy
D4F59306-E209-4D41-A49F-A029CCD97F61,1111 W Columbia Way Apt 602
D51F9182-C617-41BA-A04F-8C4CA2257BF0,11507  Fm 1488 Rd
D52957F2-21A9-4368-A0FE-9D74C769A2DB,24903  Nichols Sawmill Rd
D54B828F-E935-4F05-871C-6A1A5539D2E6,27612  Fm 2978 Rd
D5D43458-B1A8-458F-AC70-803442244AC9,2609 Nw Torrington Ln
D62C16F0-1AD4-464F-BFFE-F5DF6B65F080,921 E 66Th St
D69F06D8-1276-4A9D-B2EE-9D25A3CF1A48,3  N780 Powis Rd
D6B797CB-95E0-45F3-8C0C-722322F6A0E2,19752  Interstate 45
D8283141-B38E-4BC1-9945-FEB2FD500F7E,36126  Fm 149 Rd
D99B8AA6-B767-4550-99B0-236064D3F18B,34429  Torrey Pne Ln
D9C680E7-D2DC-4F77-954C-34EF4F6E9E42,1305 Sw 61St St
DA5CE9D0-AB8C-4709-94AB-288ADA9CE0F2,11902  Fm 1488 Rd
DA68D65F-9CCB-4124-B11F-D9C098178C70,1121  Rutledge Ml
DA74A0EF-B0A8-4629-9E69-882C256AF14C,2226  Cypress Creek Pkwy
DB281E11-1A60-4D25-895C-F0120F1280C0,33302  Buckshot Ln
DB3C9A98-13AE-422B-B1B9-414D4E72370A,26603  Fm 2978 Rd
DB91D631-5B5D-4731-A068-7BBAAEE54E9F,2075  Fm 2827 Rd
DC2182FA-9984-45B6-BCE2-523E3E2F2FC2,21736  Aldine Westfield Rd
E7FCACD6-9084-41C4-BCD5-8C09853D1E06,  Fairway Dr
E82F0B2B-FFF1-4819-AE45-C74317340063,4818 N Sam Houston Pkwy
E84B9F22-2C50-436E-A6D6-55279F9ED736,19010  Kimber Crk Ln
E90940A5-A059-4AD2-A754-1C5975262B42,112  Wheatland Ct
E91DAAF0-D65D-4568-9B65-07E18661C744,16915  County Rd 831
E931EE10-3F0C-447C-B148-F7BD2C59F5C4,2823  Checker Dr
E970F8CC-2119-4C46-9D24-3862471A8085,1515  Sunrise Ave
E99B70F5-765F-42CB-9D3E-245C246BF9D7,6435  Whitecap
E9D7A118-25E5-4579-A0A0-1C3C313D4C23,40314  Community Rd
EA20BA82-794B-4EA4-9369-6D75386B3D10,12723  Cutten Road
EBBF76D1-C116-45EE-9C80-F0D0239785BF,26003  Highway 290 Fwy
ECD513FD-A390-4DFC-99AB-41F8CDE7B1E3,8506 N Rose Ter Ln
ED7B78A0-7E16-40C6-A6D3-9540098B56D6,2407  Dylan Garrett Cv
EE29EF29-53B1-439F-9AA8-3B11231D4476,31102  Terri Ln
EE59C1C6-C2C2-4884-BC3D-D3C08723B8EF,  Model Dr
EF0750C7-408B-49BF-B26D-57347A528E93,208  Grn Cv
EF2359BB-EC22-4F73-8D14-132E60D4CF53,29  Cv Loop Dr
EF35914D-4467-42A1-AC35-49A57CA217E8,18819  Mathis Road
EFB3D892-7305-43E5-9520-77A1D19CCC7B,16611  Amelia Is Dr
EFC304CA-8E98-49FD-BB39-AF2C092C84A8,26021  State Highway 249
F0D22095-10E7-410A-AC83-B45F5F56B2AF,4633  El Caballero Dr
F15DC3CC-CC59-4A56-BBA7-B802B686EE4B,2606  Cypress Creek Pkwy
F19C727F-0F68-4FE3-BFE0-8841D8803081,16022  Coe Loop
F1B30AE0-5319-41D8-A3CC-4E869BDF4829,17002  Seven Pines Dr
F20FFC99-410E-48F8-81ED-475CE82B4B60,18423  FM 1488
DC6B5770-4C8C-4BBA-B7E1-4A5BBCE2EE81,641 Nw 175Th
DC9562F9-3BD7-40CF-A73B-575080CA7C6D,111 N Willow St
DC9C73B6-0AE3-43CE-AA13-F1D1750D1356,20830  Kukendahl Rd
DCC760B1-DD83-42E5-A0D5-275295A9ABE3,5829 W Sam Houston Pkwy
DE5F0211-E583-4CD9-9D3A-0D5079E11D28,20230  Ky
DF5217C7-CD51-4BEB-9DA1-E04CAD9A65E5,9505  Northpointe Blvd Apt 3016
DFCB1E8F-642B-4AE9-A05A-A7583D314D45,1546  Cypress Creek Pkwy
DFD4DEB9-95B5-4C53-AD23-C91572B61CD8,4921  Spg Cypress Rd
E0C9FB6C-8D38-40E3-B34C-24FE31C592D7,22435  State Hwy 249
E0CD0031-C481-4471-91E0-33EFE8B9F932,14407  Spyglass Cir
E2427992-7D33-4048-81CC-69BDE2993494,523  Louetta Rd
E2600174-57EC-44CE-9509-7FBBC4DE9917,78 N 2860
E286BCEB-01DA-4961-9FFC-73AB4D4671BD,  Po Box 3556
E29892CB-32F2-44B6-98CF-B7092E8045C3,94 Ne 146Th St
E2C34312-73C8-487B-AC56-98107AD54835,450  Gilmore Rd
E3405886-B0D4-44DB-B46F-EE94916BEFCE,15218  Rigby Pt Ln
E3E1E4B0-E3A4-42A1-BD82-6658BF17868B,2910  Hornaday Dr
E402F8B6-C51E-4E25-A4E7-DAF49A39D8F1,2831  Penny Ln
E4A78228-A3C7-478C-A197-D90FF4D7DFC0,32002  State Highway 249
E4BA7E20-B610-462D-8B38-2C951E534362,2301 S Millbend Dr Apt 1712
E6034429-2227-477C-9C50-8F514B09D09D,24514  Morris Rd
E62ADD74-4FAE-437C-93B8-06E0997D580F,35247  Hwy 249
E62BB055-6AE2-492A-9420-4F432720D772,9931  Sendera Dr
E6460BD2-5A1D-4E63-9C3C-3ED67EAD6B55,20706  Stone Mtn Ln
E6AA1CA4-096F-45DB-9F96-CE89464DFF56,31830  State Highway 249
E6AD2237-90F1-4EA0-8BAF-5DDCD5354A09,2899 W Fm 1960 Rd
E6EB5D14-4C06-43FF-9810-9C214B23D28D,19211  Interstate 45
FC49EBF4-5417-413A-BB51-AC8A080614CF,18810  Turtle Creek Ln
FC68D526-538A-4050-B081-DFB1DEC13819,5715  Ks St Apt A
FCB78ACD-7B6A-4053-A7B1-736B15AA9746,5526 North 10th St
FCC87ADB-8471-48E8-9DA8-05CB85B2F93A,629  Sherringfield Ter
FCE657A0-6F5B-4B27-9EBB-5F460891E19F,10938 E Southwind Ln
FD0A205B-7AD9-4B45-9BF5-78D612B7CAD0,  Robinson Rd
FD1AB31C-CC7D-4B84-84F9-49EA8AE09937,116  Fairway Knl 1
FD942BE8-5A57-4A1D-9665-668FEA00E133,19205  Fm 1488 Rd
FE620083-F8EC-4506-AD46-18C31413D4E3,26926  Fm 2978 Rd
FEEA9949-B48E-43DA-80E1-84E2E1F3D49E,15880 N HIGHWAY 75
FEF2EF38-1158-4774-B9E1-49C6703E4E88,14145 N 92Nd St Unit 1154
FF287F7B-DA9F-420A-B2E5-873D87DD6B61,18774  Grand Hbr Pt
FF865F7E-0450-4169-9DDC-0E121744E399,  Po Box 1608
FFD25243-4822-4D77-A19E-A35E491811D8,207 W. Archer Road
C0AA4678-C4FA-4725-9E81-908D6DEE92A2,8410  Prine
C257EAD7-3463-4613-84EE-1F211D68CE0D,26930  Fm 2978 Rd
C2FD57F0-EAFE-438D-A602-E8B16C7D8587,55 W Willowbrook Dr
C357149B-6E39-48D4-AB28-D87A4D30AD63,8320  F1 Thora
C389C006-FE19-482B-87A0-B221D69C7000,439  Coyote
C39B9CFE-9E6D-4E5E-AFFC-DB7A698C2277,5921  Fm 2920 Rd
C46003BF-1EFB-471F-9AC6-2E0AA3A47ED2,2421  Anderson Mnr Ct
C4612BE7-B69F-4612-8B18-3D30FD036686,24179  State Highway 249
C46B1365-67BC-4FB4-8508-EC479CFC0967,200  Wilderness Trail
C46BDB0C-85E8-49B6-9BCE-0766590C84F8,38923  Fm 1774 Rd
C4EF44F4-2D42-4036-A1EC-9F633329C356,28908  Richard Kaye Ln
C56F348A-306D-4B1F-8C19-4A1EB836A823,10406  Rd Lk
C593105A-C5B6-471C-B68C-9025728EA04D,21401  Lakefront Dr
C5EE4693-9705-4FC8-BE54-12B725E2D956,3131  Cypress Creek Pkwy
C6143985-D4AC-4073-A38B-BA753CA28F37,11350 W Fm 1960 Rd
C681924E-541A-42F9-A8EE-CF9B691D355B,18551  Champion Forest Dr
C6E6B8F8-2D76-4577-804E-680DD48EF3A2,25855  Highway 290
C8ABF2BC-E377-4B13-90F5-DBA9CB6780CA,18111 North Fwy
C8AD1F9A-11AA-4AA5-885E-92951BD729C3,38839  Spur 149 Rd
C91F266C-9A35-44F3-AB4B-74C6AA057F5B,621 W Main St
C954B6F8-1055-479D-B33D-7592655FD1EE,2408  Seaglen Dr
C9A7CF8C-0219-45FA-A447-DE1D767C8D6C,225  Cypresswood Dr
C9B22E8F-CBE4-4DDF-B42C-41238B9E9FED,18202  Becker Rd
C9E0F01D-19D1-4A0C-8B6C-8982972A456D,1721  Spring Cypress Rd
CA2B8E40-A493-4666-8C8B-85BF1558B8B9,11329  Huffmeister Rd C
CA4DDC96-847F-4415-B699-9E87FD6F6C7A,10533  Fisher Rd
CA780FD1-0DE2-4BCD-A200-926007A7F60F,555  Butterfield Rd Apt 204
CA828836-EABF-4B3C-9D34-3721D44463FD,28928  Hardin Store Rd
CACAE919-259F-41A0-A7DF-2FC8AF694DA2,22910  Holly Crk
CADF0E9B-2739-4770-BD3F-0A785836C681,14555  Skinner Rd
CB42BBD0-A22D-470D-AFB4-9DCA5A1E0CC8,20026  Hickory Twig Way
CB97FE0F-37C8-40E4-9A6C-3280FBDD4A8E,1600  Cypress Ln
CBE0F23A-A48D-4FEF-9E3D-EBE5F58E3CBC,25825  Highway 290
CBE59FC4-E09C-436D-9A9D-D71D9B1CAE0B,42  Wincrest Fls Dr
CC169CC3-8F89-4794-95F5-6DE4778F19A9,27210  State Highway 249
CC25E5F0-A960-4416-BC77-DF1B42642317,3424  Louetta Rd
CC2CCBD2-1753-4F3D-AEAB-2C67B2BDCC21,32003  Nichols Sawmill Rd
CC457704-1DA7-4B23-92D1-CB7055FDC1E7,27206  Fm 2978 Rd
CC9952CB-185E-4222-95DB-7E17B2FFDC0B,11215 W Jones Rd
CCD782FB-608A-4FF6-B595-5EAA4EF1CCF5,510  Cunningham St
CD4E505D-B6FC-480D-8629-31530321EA53,6690 W Sam Houston Pkwy
CD517703-ACF9-4491-BAE6-8F8B6F5B6D57,101  Morris Rd
CDA2DA1C-6631-4DC4-98B3-B7BC9237B71E,17552  Stuebner Airline Rd
CDB54DC4-2A1A-465D-9660-EC711E0E9161,7315 N Grand Pkwy
CDE732CA-0D50-43DD-A3D0-B067DA0D6896,11  Barker Rdg Ct
CE002CA0-E72C-4633-99F4-9D7513C1BE6D,11902  Rockville Dr
CE0212BA-DFB4-4E73-9BCE-850F0081A4BB,28109  State Highway 249
CE12127C-D3EC-4F21-A966-A3E13AE7EC1D,1010  Long Reach Dr
CE80FFA5-4027-47A9-ADF1-732F244A7E24,10130 W Gulf Bank Rd
CE882A82-225F-4F1D-8D08-1B050BA7A39C,30326  Nichols Sawmill Rd
CED06105-6258-4D73-9158-BF5F1FA27FF9,2206  Brimmage
CF2FCBE9-326C-44F1-B4B2-5F9658CA8157,13603  Gainesway Dr
CF92564F-7B28-40EC-B6F0-A5463D6F0CC2,7025 N Grand Pkwy
CFCC2E9F-ABC3-4DEB-A177-D6B9F40103CA,1140 W Main St
D05BBA3D-7892-4C66-AA73-9657606BEC4D,2540  Fm 2920 Rd
D07BD890-E987-4D77-B97A-7BFBCD3911A5,6735  Theall Rd
D0B47CE6-4DFD-4B6D-AA39-8B96D11949A4,12245  Veterans Memorial Dr
D0B6F0D1-3D6C-4806-BAED-AFA4077F9BA7,12910  Malcomson Rd
D12D7B91-D7C7-4AD3-99D5-73C4DF0AD64A,32320  State Hwy 249
D14228FB-5311-4B2B-9499-01B0E94B4103,28107  State Highway 249
D1BC34B5-525E-4521-B36F-FC0B2656EEDB,7503  Huntleigh Ln
D1FCB116-CBDB-45DF-BD7E-4C762C049C31,7884  Eagle Ln
D21F9B70-2E53-41FF-8F85-0B0CC2514F86,40920  Community Rd
D2DE29D4-7558-4C10-AACD-50C9E04D13C5,605  Spg Hl Dr
D34B3EB5-9F50-49DB-84D0-FA8FAB31C48C,8525  Standard
D363FDA3-CAF0-4525-A5DA-EC084AFCDAEC,15701 Nw Fwy
D37D3C32-E28F-4845-956E-C3DF86456C41,0  FM 2978
F2F00B5C-06CB-4F96-944C-05784E4F78BC,1463  Cypress Creek Pkwy
F2F2AC2F-1B49-4A49-BC0D-AA8DBB3B85BE,3410  Fm 2920 Rd
F3738AC9-2387-4E66-B81E-0D4B163F87E2,476  Terri Ln
F3771217-CB78-47B5-84D6-1D5DA0128086,25934  Mitchell Rd
F393B3E6-ABD9-4BA5-914E-07FF1064CA48,230  Bammel Westfield Rd
F3A7BA0E-1886-4FB8-AD51-B90615EDE1D6,12043  Spring Cypress Rd
F3D33F13-C827-4E1E-AE31-1A7A1D492EBD,811  Magnolia Blvd
F3D6CBDE-5592-459B-A77D-8225356EE957,15302  Stuebner Airline Rd
F4363BA2-AA55-4A50-BA1B-DA96635DE639,26010  Hempstead Rd
F43CB98C-215B-4E73-9F88-B555A8585886,2220 N Fm 1486 Rd
F46445A9-D17F-41F6-9AE7-B7D85DF56537,700 N. Front Street
F495923B-EAEA-4E07-A81D-AFBFA0313201,25510  Zion Luther Cmtery Rd
F4D425E4-C5DC-4402-B01D-0A93B466374D,10620  Primo Pl
F4EB916D-3CAA-47BC-A356-C8FD898C76D9,20150  Interstate 45
F5384BD3-7487-4467-B0C5-E3B12D58446A,1311  Elton St
F58A5449-D98F-4896-894D-B4DD6F687E69,17819  Stuebner Airline Rd
F5A57CF4-6DBD-4DC3-AA76-03A7F0D4603F,24503  State Highway 249
F5ABB7B7-16BB-48BD-A4CB-842CD83AB5F6,1311  Hicks St
F5B14D95-AAC4-465A-8E0D-60A9BED4038D,3403  Louetta Rd
F5B35987-33CC-445F-91FC-AD2573786D6D,17715 S Dr
F6051755-EF55-48E9-A441-1781D6CD826B,22635  State Highway 249
F65DD4E8-AA86-4A91-A8D8-898D2D8B2559,19396  Kenswick Dr
F66A513D-3FF0-42E0-AF20-0F20E0FC99EF,10800  Blackhawk Blvd
F67245DD-45C2-4F02-B67E-905FB6D320AF,925  Trailwood Dr
F6D46682-5C36-4559-ABC3-5B7B43E198D3,20424  Kuykendahl Rd
F7486840-BDE2-45D6-8CBD-CCB337F54716,6126  Lynbrook Dr
F7B5B4A9-1BF6-4FFE-8ACF-B2549850C870,16335  Stuebner Airline Rd
F7E3CB20-9724-47A1-AF89-202CEEB23CF3,27102  Fm 2978 Rd
F7F08EC7-71BB-48E0-8934-7BB40D29FE92,30006  SH 249
F7F21A84-38E8-41D4-97EC-7A97D5AB4C7A,7425  Hollister St
F817F97D-C207-46C2-87A1-5C2BE91208AB,2530  Spg Cypress Rd
F8511353-DA3A-49FA-B7FC-425D82AFD176,1675 Nw 13Th St
F8780D75-7522-44FE-84C6-3C71183A8AC7,8618 N Fairbanks
F89896A8-E0CA-4F09-8E9C-4F552635431A,19931  Stuebner Airline Rd
F8CC6F6C-E3A2-4862-BA25-C0E25B795F6A,17903  Fm 1488 Rd
F8DA8560-2B54-4B75-80E4-FF05DA589299,2427  Cypress Creek Pkwy
F93D53B3-12A3-447A-AA40-7799DF811E09,701 S Persimmon St 3
F93E3A4F-343F-4052-A80A-9E8155B0D28C,2218  Crown Rd
F96F6E81-C10F-4DEE-9C6E-0F3367DF4143,1203  Pilot Pt Dr
F978DEFC-D25B-4CE9-934E-9608628109DD,14431  Fm 2920 Rd
F99F9D5B-7C61-4043-A2CC-EC3A6A317832,17659  Telge Rd
F9F49712-2D0A-4222-BC9A-A144CA7227A5,20212  Hempstead Rd 7
FA001714-FF0B-409E-935A-614BD125269E,5941  Fm 2920 Rd
FA55F7F9-5CE7-41D5-968B-771EEFABCAEF,855  Cypress Creek Pkwy
FA60AD51-DB63-4829-B0ED-A4278780D624,30  Poplar Pne Ct
FAF7BD25-3DB3-4E12-B419-1221CEBA1A12,26050  Highway 290
FB9E512C-E69C-4D86-A2AB-26FDB1B43D4B,312  Commerce St
FBDBCD9A-842F-43D8-9442-27B659F06524,9826  Windmill Park Ln
FBEACA77-0C18-427F-BA5C-4CE9B8246CE6,21106  Kuykendahl Rd
FC16D043-57B6-415A-9EF8-CF0354369D19,6603  Theall Rd
